source_file,source_sheet,source_row,fiscal_year,quarter,project_type,service_group,project_name,target_participants,applicants,actual_participants,passed,revenue,expense,reported_profit,satisfaction,unit
A ทะเบียนคุมงบประมาณ 2567.xlsx,ทะเบียนคุมงบ In-House,3,2567,ไม่ระบุ,In-House,ทะเบียนคุมงบ In-House,หลักสูตรอบรมภาษาอังกฤษเพื่อการสอบ MU-ELT for Health Care Professionals ครั้งที่ 2/2566,109.0,0.0,109.0,0.0,76300.0,28241.0,48059.0,0.0,ไม่ระบุ
A ทะเบียนคุมงบประมาณ 2567.xlsx,ทะเบียนคุมงบ In-House,4,2567,ไม่ระบุ,In-House,ทะเบียนคุมงบ In-House,"Intensive English Course สำหรับนักศึกษาวิทยาลัยการจัดการ 
มหาวิทยาลัยมหิดล ครั้งที่ 1/2567",50.0,0.0,46.0,0.0,75000.0,53000.0,22000.0,4.25,ไม่ระบุ
A ทะเบียนคุมงบประมาณ 2567.xlsx,ทะเบียนคุมงบ In-House,5,2567,ไม่ระบุ,In-House,ทะเบียนคุมงบ In-House,Pre-course Intensive English Course สำหรับนักศึกษาวิทยาลัยการจัดการ มหาวิทยาลัยมหิดล ครั้งที่ 1/2567,150.0,0.0,108.0,0.0,375000.0,223375.0,151625.0,4.28,ไม่ระบุ
A ทะเบียนคุมงบประมาณ 2567.xlsx,ทะเบียนคุมงบ In-House,6,2567,ไม่ระบุ,In-House,ทะเบียนคุมงบ In-House,Intensive Thai for communication: Hunkuk university,20.0,0.0,20.0,0.0,119371.96,72027.82,47344.14,4.56,ไม่ระบุ
A ทะเบียนคุมงบประมาณ 2567.xlsx,ทะเบียนคุมงบ In-House,7,2567,ไม่ระบุ,In-House,ทะเบียนคุมงบ In-House,หลักสูตรเทคนิคการเขียนหนังสือราชการสำหรับบุคลากรโรงพยาบาลศิริราชปิยมหาราชการุณย์,30.0,0.0,28.0,0.0,30000.0,20438.0,9562.0,4.5,ไม่ระบุ
A ทะเบียนคุมงบประมาณ 2567.xlsx,ทะเบียนคุมงบ In-House,8,2567,ไม่ระบุ,In-House,ทะเบียนคุมงบ In-House,Intensive English Course สำหรับนักศึกษาวิทยาลัยการจัดการ  มหาวิทยาลัยมหิดล ครั้งที่ 2/2567,50.0,0.0,39.0,0.0,75000.0,54000.0,21000.0,4.78,ไม่ระบุ
A ทะเบียนคุมงบประมาณ 2567.xlsx,ทะเบียนคุมงบ In-House,9,2567,ไม่ระบุ,In-House,ทะเบียนคุมงบ In-House,หลักสูตร Pre-course Intensive English Course สำหรับนักศึกษาวิทยาลัยการจัดการ มหาวิทยาลัยมหิดล ครั้งที่ 2/2567,82.0,0.0,81.0,0.0,150000.0,87250.0,62750.0,4.59,ไม่ระบุ
A ทะเบียนคุมงบประมาณ 2567.xlsx,ทะเบียนคุมงบ In-House,10,2567,ไม่ระบุ,In-House,ทะเบียนคุมงบ In-House,หลักสูตรอบรมเชิงปฏิบัติการพัฒนาทักษะภาษาอังกฤษเพื่อการสื่อสาร (English for Communication for Medical Practitioners),50.0,0.0,30.0,0.0,20000.0,14980.4,5019.6,4.75,ไม่ระบุ
A ทะเบียนคุมงบประมาณ 2567.xlsx,ทะเบียนคุมงบ In-House,11,2567,ไม่ระบุ,In-House,ทะเบียนคุมงบ In-House,Beginner English language Course,20.0,0.0,20.0,0.0,45000.0,28750.0,16250.0,4.65,ไม่ระบุ
A ทะเบียนคุมงบประมาณ 2567.xlsx,ทะเบียนคุมงบ In-House,12,2567,ไม่ระบุ,In-House,ทะเบียนคุมงบ In-House,หลักสูตรระยะสั้น Sawasdee Thailand Summer Program Batch A (Culture Module),40.0,0.0,40.0,0.0,75000.0,38367.0,36633.0,0.0,ไม่ระบุ
A ทะเบียนคุมงบประมาณ 2567.xlsx,ทะเบียนคุมงบ In-House,13,2567,ไม่ระบุ,In-House,ทะเบียนคุมงบ In-House,หลักสูตรอบรมภาษาอังกฤษเพื่อการสอบ IELTS สำหรับบุคลากรสายวิชาการโรงเรียนพยาบาลรามาธิบดี มหาวิทยาลัยมหิดล,30.0,0.0,25.0,0.0,68000.0,60708.0,7292.0,4.35,ไม่ระบุ
A ทะเบียนคุมงบประมาณ 2567.xlsx,ทะเบียนคุมงบ In-House,14,2567,ไม่ระบุ,In-House,ทะเบียนคุมงบ In-House,หลักสูตรอบรมเชิงปฏิบัติการเพื่อพัฒนาทักษะการสื่อสารภาษาอังกฤษในการปฏิบัติงานสำหรับบุคลากรสายสนับสนุน โรงเรียนพยาบาลรามาธิบดี,30.0,0.0,30.0,0.0,45000.0,28750.0,16250.0,4.48,ไม่ระบุ
A ทะเบียนคุมงบประมาณ 2567.xlsx,ทะเบียนคุมงบ In-House,15,2567,ไม่ระบุ,In-House,ทะเบียนคุมงบ In-House,หลักสูตร Pre-course Intensive English Course สำหรับนักศึกษาวิทยาลัยการจัดการ มหาวิทยาลัยมหิดล ครั้งที่ 3/2567,66.0,0.0,73.0,0.0,225000.0,118105.0,106895.0,4.38,ไม่ระบุ
A ทะเบียนคุมงบประมาณ 2567.xlsx,ทะเบียนคุมงบ In-House,16,2567,ไม่ระบุ,In-House,ทะเบียนคุมงบ In-House,หลักสูตรพัฒนาการสื่อสารภาษาอังกฤษอย่างมีประสิทธิภาพ รุ่นที่ 2 (Effective English Communication Skill Developments Course Batch 2),60.0,0.0,117.0,0.0,288000.0,243862.15,44137.85,4.64,ไม่ระบุ
A ทะเบียนคุมงบประมาณ 2567.xlsx,ทะเบียนคุมงบ In-House,17,2567,ไม่ระบุ,In-House,ทะเบียนคุมงบ In-House,"Pre-course Intensive English Course สำหรับนักศึกษาวิทยาลัยการจัดการ 
มหาวิทยาลัยมหิดล ครั้งที่ 4/2567",200.0,0.0,152.0,0.0,375000.0,260000.0,115000.0,4.37,ไม่ระบุ
A ทะเบียนคุมงบประมาณ 2567.xlsx,ทะเบียนคุมงบ In-House,18,2567,ไม่ระบุ,In-House,ทะเบียนคุมงบ In-House,หลักสูตรอบรมภาษาอังกฤษเพื่อการสอบ IELTS สำหรับนักเรียนโรงเรียนราชินี,30.0,0.0,28.0,0.0,45000.0,34461.0,10539.0,4.56,ไม่ระบุ
A ทะเบียนคุมงบประมาณ 2567.xlsx,ทะเบียนคุมงบ In-House,19,2567,ไม่ระบุ,In-House,ทะเบียนคุมงบ In-House,หลักสูตรอบรมภาษาไทยเพื่อการสื่อสารสำหรับบุคลากรและนักศึกษาชาวต่างประเทศ (Intensive Thai Course) ประจำปี 2567,100.0,0.0,78.0,0.0,235000.0,167188.8,67811.2,4.44,ไม่ระบุ
A ทะเบียนคุมงบประมาณ 2567.xlsx,ทะเบียนคุมงบ MU-ELT,3,2567,ไม่ระบุ,ทะเบียนคุมงบ MU-ELT,ทะเบียนคุมงบ MU-ELT,Mahidol University English Language Test: Computer-based Examination (MU-ELT: CBE) รอบที่ 3/2566,408.0,0.0,350.0,0.0,127470.0,40312.5,87157.5,4.31,ไม่ระบุ
A ทะเบียนคุมงบประมาณ 2567.xlsx,ทะเบียนคุมงบ MU-ELT,4,2567,ไม่ระบุ,ทะเบียนคุมงบ MU-ELT,ทะเบียนคุมงบ MU-ELT,Mahidol University English Language Test: Health Care Professionals (MU-ELT: HCP) ครั้งที่ 2/2566,137.0,0.0,137.0,0.0,61600.0,15272.0,46328.0,4.58,ไม่ระบุ
A ทะเบียนคุมงบประมาณ 2567.xlsx,ทะเบียนคุมงบ MU-ELT,5,2567,ไม่ระบุ,ทะเบียนคุมงบ MU-ELT,ทะเบียนคุมงบ MU-ELT,Mahidol University English Language Test: Paper-based Examination (MU-ELT: PBE) รอบ 4/2566,497.0,0.0,498.0,0.0,209440.0,61590.13,147849.87,4.75,ไม่ระบุ
A ทะเบียนคุมงบประมาณ 2567.xlsx,ทะเบียนคุมงบ MU-ELT,6,2567,ไม่ระบุ,ทะเบียนคุมงบ MU-ELT,ทะเบียนคุมงบ MU-ELT,Mahidol University English Language Test: Health Care Professionals (MU-ELT: HCP) ครั้งที่ 1/2567,40.0,0.0,39.0,0.0,39150.0,18090.5,21059.5,4.43,ไม่ระบุ
A ทะเบียนคุมงบประมาณ 2567.xlsx,ทะเบียนคุมงบ MU-ELT,7,2567,ไม่ระบุ,ทะเบียนคุมงบ MU-ELT,ทะเบียนคุมงบ MU-ELT,Mahidol University English Language Test: Paper-based Examination (MU-ELT: PBE) รอบ 1/2567,471.0,0.0,471.0,0.0,194970.0,68197.94,126772.06,4.33,ไม่ระบุ
A ทะเบียนคุมงบประมาณ 2567.xlsx,ทะเบียนคุมงบ MU-ELT,8,2567,ไม่ระบุ,ทะเบียนคุมงบ MU-ELT,ทะเบียนคุมงบ MU-ELT,Mahidol University English Language Test: Computer-based Examination (MU-ELT: CBE) รอบที่ 1/2567,261.0,0.0,261.0,0.0,91420.0,29211.0,62209.0,4.31,ไม่ระบุ
A ทะเบียนคุมงบประมาณ 2567.xlsx,ทะเบียนคุมงบ MU-ELT,9,2567,ไม่ระบุ,ทะเบียนคุมงบ MU-ELT,ทะเบียนคุมงบ MU-ELT,Mahidol University English Language Test: Paper-based Examination (MU-ELT: PBE) รอบ 2/2567,604.0,0.0,0.0,0.0,252070.0,83809.25,168260.75,4.42,ไม่ระบุ
A ทะเบียนคุมงบประมาณ 2567.xlsx,ทะเบียนคุมงบ MU-ELT,10,2567,ไม่ระบุ,ทะเบียนคุมงบ MU-ELT,ทะเบียนคุมงบ MU-ELT,Mahidol University English Language Test: Computer-based Examination (MU-ELT: CBE) รอบที่ 2/2567,137.0,0.0,137.0,0.0,51040.0,15560.0,35480.0,4.37,ไม่ระบุ
A ทะเบียนคุมงบประมาณ 2567.xlsx,ทะเบียนคุมงบ MU-ELT,11,2567,ไม่ระบุ,ทะเบียนคุมงบ MU-ELT,ทะเบียนคุมงบ MU-ELT,Mahidol University English Language Test: Health Care Professionals (MU-ELT: HCP) ครั้งที่ 2/2567,17.0,0.0,17.0,0.0,16700.0,12137.439999999999,4562.56,4.52,ไม่ระบุ
A ทะเบียนคุมงบประมาณ 2567.xlsx,ทะเบียนคุมงบ MU-ELT,12,2567,ไม่ระบุ,ทะเบียนคุมงบ MU-ELT,ทะเบียนคุมงบ MU-ELT,Mahidol University English Language Test: Health Care Professionals (MU-ELT: HCP) ครั้งที่ 3/2568,41.0,0.0,41.0,0.0,38650.0,16891.940000000002,21758.06,4.42,ไม่ระบุ
A ทะเบียนคุมงบประมาณ 2567.xlsx,ทะเบียนคุมงบ MU-ELT,13,2567,ไม่ระบุ,ทะเบียนคุมงบ MU-ELT,ทะเบียนคุมงบ MU-ELT,Mahidol University English Language Test: Computer-based Examination (MU-ELT: CBE) รอบที่ 3/2567,154.0,0.0,154.0,0.0,56910.0,17640.5,39269.5,4.47,ไม่ระบุ
A ทะเบียนคุมงบประมาณ 2567.xlsx,ทะเบียนคุมงบ MU-ELT,14,2567,ไม่ระบุ,ทะเบียนคุมงบ MU-ELT,ทะเบียนคุมงบ MU-ELT,Mahidol University English Language Test: Paper-based Examination (MU-ELT: PBE) รอบ 3/2567,700.0,0.0,682.0,0.0,273600.0,86526.95999999999,187073.04,4.47,ไม่ระบุ
A ทะเบียนคุมงบประมาณ 2567.xlsx,ทะเบียนคุมงบ MU-ELT,19,2567,ไม่ระบุ,ทะเบียนคุมงบ MU-ELT,ทะเบียนคุมงบ MU-ELT,"Mahidol University English Language Test: Internet-based Examination (MU-ELT: IBE) ภายใต้โครงการพัฒนาระบบการจัดสอบ MU-ELT รูปแบบ Internet-based Examination
**โครงการเหลื่อมปีงบประมาณ 2566",408.0,0.0,323.0,0.0,119050.0,38166.5,80883.5,4.36,ไม่ระบุ
A ทะเบียนคุมงบประมาณ 2567.xlsx,MU-ELT รหัส 67,3,2567,ไม่ระบุ,MU-ELT รหัส 67,MU-ELT รหัส 67,Mahidol University English Language Test: Internet-based Examination (MU-ELT: IBE) สำหรับแบ่งกลุ่มเรียนวิชาภาษาอังกฤษพื้นฐานปีการศึกษา 2567,35.0,0.0,36.0,0.0,0.0,4537.5,-4537.5,4.36,ไม่ระบุ
A ทะเบียนคุมงบประมาณ 2567.xlsx,MU-ELT รหัส 67,4,2567,ไม่ระบุ,MU-ELT รหัส 67,MU-ELT รหัส 67,กิจกรรมย่อยจัดซื้อโปรแกรมคอมพิวเตอร์ เครื่องสแกนเนอร์ และผลิตกระดาษคำตอบ,0.0,0.0,0.0,0.0,0.0,171200.0,-171200.0,0.0,ไม่ระบุ
A ทะเบียนคุมงบประมาณ 2567.xlsx,MU-ELT รหัส 67,5,2567,ไม่ระบุ,MU-ELT รหัส 67,MU-ELT รหัส 67,Mahidol University English Language Test: Paper-based Examination (MU-ELT: PBE) สำหรับแบ่งกลุ่มเรียนวิชาภาษาอังกฤษพื้นฐานปีการศึกษา 2567,5700.0,0.0,3922.0,0.0,0.0,561181.79,-561181.79,4.48,ไม่ระบุ
A ทะเบียนคุมงบประมาณ 2568.xlsx,ทะเบียนคุมงบ In-House,3,2568,ไม่ระบุ,In-House,ทะเบียนคุมงบ In-House,"หลักสูตรอบรมภาษาอังกฤษเพื่อการสอบ IELTS สำหรับนักเรียนโรงเรียนราชินี 
(ภาคเรียนที่ 2 ปีการศึกษา 2567) ระหว่างวันที่ 25 ต.ค. 67 - 7 ก.พ. 68",30.0,0.0,28.0,0.0,45000.0,30499.0,14501.0,4.72,ไม่ระบุ
A ทะเบียนคุมงบประมาณ 2568.xlsx,ทะเบียนคุมงบ In-House,4,2568,ไม่ระบุ,In-House,ทะเบียนคุมงบ In-House,หลักสูตร Pre-course Intensive English Course สำหรับนักศึกษาวิทยาลัยการจัดการ มหาวิทยาลัยมหิดล ครั้งที่ 1/2568 ระหว่างวันที่ 14 พ.ย. 67 - 5 ม.ค. 68 (27C),150.0,0.0,166.0,0.0,450000.0,235450.0,214550.0,4.4,ไม่ระบุ
A ทะเบียนคุมงบประมาณ 2568.xlsx,ทะเบียนคุมงบ In-House,5,2568,ไม่ระบุ,In-House,ทะเบียนคุมงบ In-House,"หลักสูตรอบรมภาษาอังกฤษสำหรับนักศึกษามหาวิทยาลัยมหามกุฏราชวิทยาลัย
ระหว่างวันที่ 21 พ.ย. 67 - 16 ม.ค. 68",60.0,0.0,63.0,0.0,168000.0,140112.0,27888.0,4.03,ไม่ระบุ
A ทะเบียนคุมงบประมาณ 2568.xlsx,ทะเบียนคุมงบ In-House,6,2568,ไม่ระบุ,In-House,ทะเบียนคุมงบ In-House,"หลักสูตร Intensive English Course สำหรับนักศึกษาวิทยาลัยการจัดการ มหาวิทยาลัยมหิดล ครั้งที่ 1/2568
ระหว่างวันที่ 12 ม.ค. - 2 มี.ค. 68",50.0,0.0,47.0,0.0,75000.0,52420.0,22580.0,4.95,ไม่ระบุ
A ทะเบียนคุมงบประมาณ 2568.xlsx,ทะเบียนคุมงบ In-House,7,2568,ไม่ระบุ,In-House,ทะเบียนคุมงบ In-House,"หลักสูตรอบรมเชิงปฏิบัติการพัฒนาทักษะการสื่อสารและภาวะผู้นำสำหรับระดับผู้จัดการ BTS
ระหว่างวันที่ 14 ม.ค. - 19 ก.พ. 68",36.0,0.0,36.0,0.0,80000.0,62600.2,17399.8,4.64,ไม่ระบุ
A ทะเบียนคุมงบประมาณ 2568.xlsx,ทะเบียนคุมงบ In-House,8,2568,ไม่ระบุ,In-House,ทะเบียนคุมงบ In-House,"หลักสูตรอบรมภาษาไทยเพื่อการสื่อสารสำหรับบุคลากรและนักศึกษาชาวต่างประเทศ (Intensive Thai Course) ประจำปี 2568 
ระหว่างวันที่ 26 ก.พ. - 3 ธ.ค. 68
- Basic จำนวน 2 กลุ่ม x 24 ชม. 
- Intermediate จำนวน 2 กลุ่ม 
- Advanced จำนวน 1 กลุ่ม",100.0,0.0,100.0,0.0,235000.0,167776.0,67224.0,4.7,ไม่ระบุ
A ทะเบียนคุมงบประมาณ 2568.xlsx,ทะเบียนคุมงบ In-House,9,2568,ไม่ระบุ,In-House,ทะเบียนคุมงบ In-House,"หลักสูตรอบรมเชิงปฏิบัติการเพื่อพัฒนาทักษะภาษาอังกฤษสำหรับเจ้าหน้าที่กรมควบคุมโรค
ระหว่างวันที่ 10 - 12 มีนาคม 2568",35.0,0.0,35.0,0.0,45000.0,32100.0,12900.0,4.56,ไม่ระบุ
A ทะเบียนคุมงบประมาณ 2568.xlsx,ทะเบียนคุมงบ In-House,10,2568,ไม่ระบุ,In-House,ทะเบียนคุมงบ In-House,"หลักสูตร Intensive English Course สำหรับนักศึกษาวิทยาลัยการจัดการ มหาวิทยาลัยมหิดล
ระหว่างวันที่ 19 มี.ค. - 11 พ.ค. 2568",210.0,0.0,196.0,0.0,525000.0,309860.0,215140.0,4.49,ไม่ระบุ
A ทะเบียนคุมงบประมาณ 2568.xlsx,ทะเบียนคุมงบ In-House,11,2568,ไม่ระบุ,In-House,ทะเบียนคุมงบ In-House,"การจัดอบรมการเขียนคํากล่าวภาษาอังกฤษ (English Speech Writing)
หน่วยงาน: กรมข่าวทหาร กองบัญชาการกองทัพไทย
ระหว่างวันที่ 6 - 26 เมษายน 2568",20.0,0.0,20.0,0.0,43000.0,28725.4,14274.6,4.5,ไม่ระบุ
A ทะเบียนคุมงบประมาณ 2568.xlsx,ทะเบียนคุมงบ In-House,12,2568,ไม่ระบุ,In-House,ทะเบียนคุมงบ In-House,"หลักสูตร Intensive English Course สำหรับนักศึกษาวิทยาลัยการจัดการ มหาวิทยาลัยมหิดล กลุ่ม 28B
ระหว่างวันที่ 15 ก.ค. - 21 ก.ย. 2568",175.0,0.0,161.0,0.0,450000.0,263995.0,186005.0,4.55,ไม่ระบุ
A ทะเบียนคุมงบประมาณ 2568.xlsx,ทะเบียนคุมงบ In-House,13,2568,ไม่ระบุ,In-House,ทะเบียนคุมงบ In-House,"หลักสูตร Unlock Your English in Everyday Life มหาวิทยาลัยมหามกุฏราชวิทยาลัย
ระหว่างวันที่ 4 - 8 ส.ค. 2568",180.0,0.0,157.0,0.0,300000.0,211209.2,88790.8,4.33,ไม่ระบุ
A ทะเบียนคุมงบประมาณ 2568.xlsx,ทะเบียนคุมงบ In-House,14,2568,ไม่ระบุ,In-House,ทะเบียนคุมงบ In-House,"โครงการพัฒนาทักษะภาษาอังกฤษ
มหาวิทยาลัยมหามกุฏราชวิทยาลัย 
ระหว่างวันที่ 1 ส.ค. - 5 ก.ย. 2568",100.0,0.0,92.0,0.0,150000.0,105118.4,44881.6,4.33,ไม่ระบุ
A ทะเบียนคุมงบประมาณ 2568.xlsx,ทะเบียนคุมงบ MU-ELT,3,2568,ไม่ระบุ,ทะเบียนคุมงบ MU-ELT,ทะเบียนคุมงบ MU-ELT,"Mahidol University English Language Test: Computer-based Examination (MU-ELT: CBE) รอบที่ 4/2567
วันที่ 16 ต.ค. 67",400.0,0.0,212.0,0.0,77520.0,23700.0,53820.0,4.45,ไม่ระบุ
A ทะเบียนคุมงบประมาณ 2568.xlsx,ทะเบียนคุมงบ MU-ELT,4,2568,ไม่ระบุ,ทะเบียนคุมงบ MU-ELT,ทะเบียนคุมงบ MU-ELT,"Mahidol University English Language Test: Paper-based Examination (MU-ELT: PBE) รอบที่ 4/2568
วันที่ 30 พ.ย. 67",700.0,0.0,903.0,0.0,362840.0,107048.12,255791.88,4.69,ไม่ระบุ
A ทะเบียนคุมงบประมาณ 2568.xlsx,ทะเบียนคุมงบ MU-ELT,5,2568,ไม่ระบุ,ทะเบียนคุมงบ MU-ELT,ทะเบียนคุมงบ MU-ELT,"โครงการจัดสอบ Mahidol University English Language Test: Paper-based Examination (MU-ELT: PBE) สำหรับเครือข่าย โรงเรียนวัดรางบัว 
13 ธันวาคม 2567",84.0,0.0,73.0,0.0,46200.0,13544.0,32656.0,4.59,ไม่ระบุ
A ทะเบียนคุมงบประมาณ 2568.xlsx,ทะเบียนคุมงบ MU-ELT,6,2568,ไม่ระบุ,ทะเบียนคุมงบ MU-ELT,ทะเบียนคุมงบ MU-ELT,โครงการจัดสอบ Mahidol University English Language Test: Paper-based Examination (MU-ELT: PBE) สำหรับเครือข่าย มหาวิทยาลัยมหามกุฏราชวิทยาลัย  (5 กุมภาพันธ์ 2568),64.0,0.0,64.0,0.0,36000.0,14284.0,21716.0,4.31,ไม่ระบุ
A ทะเบียนคุมงบประมาณ 2568.xlsx,ทะเบียนคุมงบ MU-ELT,7,2568,ไม่ระบุ,ทะเบียนคุมงบ MU-ELT,ทะเบียนคุมงบ MU-ELT,"Mahidol University English Language Test: Computer-based Examination (MU-ELT: CBE) รอบที่ 1/2568
วันที่ 26 ก.พ. 2568",256.0,0.0,173.0,0.0,63010.0,23363.5,39646.5,4.38,ไม่ระบุ
A ทะเบียนคุมงบประมาณ 2568.xlsx,ทะเบียนคุมงบ MU-ELT,8,2568,ไม่ระบุ,ทะเบียนคุมงบ MU-ELT,ทะเบียนคุมงบ MU-ELT,"Mahidol University English Language Test: Paper-based Examination 
(MU-ELT: PBE) รอบที่ 1/2568
วันที่ 22 มีนาคม 2568",700.0,0.0,577.0,0.0,237850.0,78186.47,159663.53,4.3,ไม่ระบุ
A ทะเบียนคุมงบประมาณ 2568.xlsx,ทะเบียนคุมงบ MU-ELT,9,2568,ไม่ระบุ,ทะเบียนคุมงบ MU-ELT,ทะเบียนคุมงบ MU-ELT,"Mahidol University English Language Test: Computer-based Examination (MU-ELT: CBE) รอบที่ 2/2568
วันที่ 9 เมษายน 2568",176.0,0.0,155.0,0.0,56640.0,20464.0,36176.0,4.43,ไม่ระบุ
A ทะเบียนคุมงบประมาณ 2568.xlsx,ทะเบียนคุมงบ MU-ELT,10,2568,ไม่ระบุ,ทะเบียนคุมงบ MU-ELT,ทะเบียนคุมงบ MU-ELT,จัดทำปกและกระดาษคำตอบ MU-ELT,0.0,0.0,0.0,0.0,0.0,24075.0,-24075.0,0.0,ไม่ระบุ
A ทะเบียนคุมงบประมาณ 2568.xlsx,ทะเบียนคุมงบ MU-ELT,11,2568,ไม่ระบุ,ทะเบียนคุมงบ MU-ELT,ทะเบียนคุมงบ MU-ELT,"Mahidol University English Language Test: Paper-based Examination 
(MU-ELT: PBE) สำหรับแบ่งกลุ่มเรียนวิชาภาษาอังกฤษพื้นฐานปีการศึกษา 2567
วันที่ 19 เมษายน 2568",2046.0,0.0,622.0,0.0,289050.0,113773.29,175276.71,4.64,ไม่ระบุ
A ทะเบียนคุมงบประมาณ 2568.xlsx,ทะเบียนคุมงบ MU-ELT,12,2568,ไม่ระบุ,ทะเบียนคุมงบ MU-ELT,ทะเบียนคุมงบ MU-ELT,"โครงการจัดสอบ Mahidol University English Language Test: Paper-based Examination (MU-ELT: PBE) สำหรับเครือข่ายศูนย์สอบย่อย MU-ELT วิทยาลัยพยาบาลกองทัพบก
7 พฤษภาคม 2568",50.0,0.0,91.0,0.0,50050.0,14777.0,35273.0,4.7,ไม่ระบุ
A ทะเบียนคุมงบประมาณ 2568.xlsx,ทะเบียนคุมงบ MU-ELT,13,2568,ไม่ระบุ,ทะเบียนคุมงบ MU-ELT,ทะเบียนคุมงบ MU-ELT,"Mahidol University English Language Test: Paper-based Examination 
(MU-ELT: PBE) รอบที่ 2/2568
31 พฤษภาคม 2568",700.0,0.0,459.0,0.0,187590.0,65099.76,122490.24,4.59,ไม่ระบุ
A ทะเบียนคุมงบประมาณ 2568.xlsx,ทะเบียนคุมงบ MU-ELT,14,2568,ไม่ระบุ,ทะเบียนคุมงบ MU-ELT,ทะเบียนคุมงบ MU-ELT,"Mahidol University English Language Test: Computer-based Examination (MU-ELT: CBE) รอบที่ 3/2568
วันที่ 18 มิถุนายน 2568",216.0,0.0,107.0,0.0,38190.0,13662.5,24527.5,4.36,ไม่ระบุ
A ทะเบียนคุมงบประมาณ 2568.xlsx,ทะเบียนคุมงบ MU-ELT,15,2568,ไม่ระบุ,ทะเบียนคุมงบ MU-ELT,ทะเบียนคุมงบ MU-ELT,"กิจกรรมย่อย การจัดสอบภาษาอังกฤษมหาวิทยาลัยมหิดล Mahidol University English Language Test สำหรับการแบ่งกลุ่มเรียนวิชาภาษาอังกฤษพื้นฐาน ประจำปีการศึกษา 2568 ครั้งที่ 2
วันที่ 5-6 กรกฎาคม 2568",3400.0,0.0,3167.0,0.0,1264800.0,613547.6,651252.4,4.68,ไม่ระบุ
A ทะเบียนคุมงบประมาณ 2568.xlsx,ทะเบียนคุมงบ MU-ELT,16,2568,ไม่ระบุ,ทะเบียนคุมงบ MU-ELT,ทะเบียนคุมงบ MU-ELT,"Mahidol University English Language Test: Computer-based Examination (MU-ELT: CBE) รอบที่ 4/2568
วันที่ 23 กรกฎาคม 2568",216.0,0.0,134.0,0.0,48320.0,14940.0,33380.0,4.54,ไม่ระบุ
A ทะเบียนคุมงบประมาณ 2568.xlsx,ทะเบียนคุมงบ MU-ELT,17,2568,ไม่ระบุ,ทะเบียนคุมงบ MU-ELT,ทะเบียนคุมงบ MU-ELT,"โครงการจัดสอบ Mahidol University English Language Test: Paper-based Examination (MU-ELT: PBE) สำหรับเครือข่ายศูนย์สอบย่อย MU-ELT วิทยาลัยพยาบาลกองทัพบก
22 สิงหาคม 2568",50.0,0.0,79.0,0.0,43450.0,12872.0,30578.0,4.7,ไม่ระบุ
A ทะเบียนคุมงบประมาณ 2568.xlsx,ทะเบียนคุมงบ MU-ELT,18,2568,ไม่ระบุ,ทะเบียนคุมงบ MU-ELT,ทะเบียนคุมงบ MU-ELT,"Mahidol University English Language Test: Paper-based Examination 
(MU-ELT: PBE) รอบที่ 3/2568
13 กันยายน 2568",700.0,0.0,661.0,0.0,269690.0,88401.65,181288.35,4.55,ไม่ระบุ
A ตารางคุมงบประมาณ 2569.xlsx,ทะเบียนคุมงบ In-House,3,2569,ไม่ระบุ,In-House,ทะเบียนคุมงบ In-House,"หลักสูตรอบรมภาษาอังกฤษเพื่อพัฒนาทักษะการสื่อสารในชีวิตประจำวัน
หน่วยงาน: โรงเรียนอัสสัมชัญคอนแวนต์ ลำนารายณ์ 
ระหว่างวันที่ 15 - 17 ตุลาคม 2568",30.0,0.0,23.0,0.0,90000.0,60736.08,29263.92,4.73,ไม่ระบุ
A ตารางคุมงบประมาณ 2569.xlsx,ทะเบียนคุมงบ In-House,4,2569,ไม่ระบุ,In-House,ทะเบียนคุมงบ In-House,"หลักสูตร Pre-course Intensive English Course สำหรับนักศึกษาวิทยาลัยการจัดการ มหาวิทยาลัยมหิดล กลุ่ม 28C
ระหว่างวันที่ 10 พ.ย. 68 - 4 ม.ค. 69",150.0,0.0,164.0,0.0,450000.0,261625.0,188375.0,4.65,ไม่ระบุ
A ตารางคุมงบประมาณ 2569.xlsx,ทะเบียนคุมงบ In-House,5,2569,ไม่ระบุ,In-House,ทะเบียนคุมงบ In-House,"หลักสูตรอบรมภาษาไทยเพื่อการสื่อสารสำหรับบุคลากรและนักศึกษาชาวต่างประเทศ (Intensive Thai Course) ประจำปี 2569
18 ก.พ. 2569 – 20 ม.ค. 2570",150.0,0.0,0.0,0.0,235000.0,175250.0,59750.0,0.0,ไม่ระบุ
A ตารางคุมงบประมาณ 2569.xlsx,ทะเบียนคุมงบ In-House,6,2569,ไม่ระบุ,In-House,ทะเบียนคุมงบ In-House,"หลักสูตรเทคนิคการเขียนหนังสือราชการและการเขียนรายงานประชุม 
11 - 25 กุมภาพันธ์ 2569",60.0,0.0,0.0,0.0,35000.0,24548.0,10452.0,4.55,ไม่ระบุ
A ตารางคุมงบประมาณ 2569.xlsx,ทะเบียนคุมงบ In-House,7,2569,ไม่ระบุ,In-House,ทะเบียนคุมงบ In-House,"Intensive Business English for Student of CMMU กลุ่ม 29A
22 มี.ค. - 3 พ.ค. 69",120.0,0.0,0.0,0.0,300000.0,193200.0,106800.0,4.58,ไม่ระบุ
A ตารางคุมงบประมาณ 2569.xlsx,ทะเบียนคุมงบ In-House,8,2569,ไม่ระบุ,In-House,ทะเบียนคุมงบ In-House,"Intensive Business English for Student of CMMU กลุ่ม Pre-course
13 ก.ค. - 6 ก.ย. 69",300.0,0.0,243.0,0.0,450000.0,289485.0,160515.0,0.0,ไม่ระบุ
A ตารางคุมงบประมาณ 2569.xlsx,ทะเบียนคุมงบ MU-ELT,3,2569,ไม่ระบุ,ทะเบียนคุมงบ MU-ELT,ทะเบียนคุมงบ MU-ELT,"Mahidol University English Language Test: 
Paper-based Examination (MU-ELT: PBE) 
รอบ 4/2568 (วันที่ 8 พ.ย. 68)",1830.0,0.0,685.0,0.0,279410.0,92628.78,186781.22,4.53,ไม่ระบุ
A ตารางคุมงบประมาณ 2569.xlsx,ทะเบียนคุมงบ MU-ELT,4,2569,ไม่ระบุ,ทะเบียนคุมงบ MU-ELT,ทะเบียนคุมงบ MU-ELT,"โครงการเครือข่ายความร่วมมือศูนย์สอบ MU-ELT (วิทยาลัยพยาบาลกองทัพบก ครั้งที่ 3)
(วันที่ 28 พ.ย.. 68)",50.0,0.0,54.0,0.0,29700.0,9947.0,19753.0,4.71,ไม่ระบุ
A ตารางคุมงบประมาณ 2569.xlsx,ทะเบียนคุมงบ MU-ELT,5,2569,ไม่ระบุ,ทะเบียนคุมงบ MU-ELT,ทะเบียนคุมงบ MU-ELT,"โครงการเครือข่ายความร่วมมือศูนย์สอบ MU-ELT (วิทยาลัยพยาบาลบรมราชชนนี จักรีรัช)
(14 ธ.ค. 68)",50.0,0.0,91.0,0.0,50050.0,16344.6,33705.4,4.86,ไม่ระบุ
A ตารางคุมงบประมาณ 2569.xlsx,ทะเบียนคุมงบ MU-ELT,6,2569,ไม่ระบุ,ทะเบียนคุมงบ MU-ELT,ทะเบียนคุมงบ MU-ELT,"Mahidol University English Language Test: Computer-based Examination (MU-ELT: CBE) 
รอบ 5/2568 (Supplementary Examination) 
วันที่ 24 ธ.ค. 68",40.0,0.0,22.0,0.0,8090.0,2521.5,5568.5,4.63,ไม่ระบุ
A ตารางคุมงบประมาณ 2569.xlsx,ทะเบียนคุมงบ MU-ELT,7,2569,ไม่ระบุ,ทะเบียนคุมงบ MU-ELT,ทะเบียนคุมงบ MU-ELT,"Mahidol University English Language Test: 
Paper-based Examination (MU-ELT: PBE) 
รอบ 1/2569 (วันที่ 17 ม.ค. 69)",1200.0,0.0,599.0,0.0,264030.0,116439.15,147590.85,4.51,ไม่ระบุ
A ตารางคุมงบประมาณ 2569.xlsx,ทะเบียนคุมงบ MU-ELT,8,2569,ไม่ระบุ,ทะเบียนคุมงบ MU-ELT,ทะเบียนคุมงบ MU-ELT,"Mahidol University English Language Test: Computer-based Examination (MU-ELT: CBE) 
รอบ 1/2569  (วันที่ 18 ก.พ. 69)",236.0,0.0,165.0,0.0,59950.0,20602.5,39347.5,4.7,ไม่ระบุ
A ตารางคุมงบประมาณ 2569.xlsx,ทะเบียนคุมงบ MU-ELT,9,2569,ไม่ระบุ,ทะเบียนคุมงบ MU-ELT,ทะเบียนคุมงบ MU-ELT,"โครงการเครือข่ายความร่วมมือศูนย์สอบ MU-ELT 
(วิทยาลัยพยาบาลบรมราชชนนี จักรีรัช ครั้งที่ 2)
(วันที่ 18 มี.ค. 69)",50.0,0.0,51.0,0.0,28050.0,10067.0,17983.0,0.0,ไม่ระบุ
A ตารางคุมงบประมาณ 2569.xlsx,ทะเบียนคุมงบ MU-ELT,10,2569,ไม่ระบุ,ทะเบียนคุมงบ MU-ELT,ทะเบียนคุมงบ MU-ELT,"Mahidol University English Language Test: Paper-based Examination (MU-ELT: PBE) 
รอบที่ 2/2569 (วันที่ 21 มี.ค. 69)",1200.0,0.0,618.0,0.0,301700.0,99641.43,202058.57,4.59,ไม่ระบุ
A ตารางคุมงบประมาณ 2569.xlsx,ทะเบียนคุมงบ MU-ELT,11,2569,ไม่ระบุ,ทะเบียนคุมงบ MU-ELT,ทะเบียนคุมงบ MU-ELT,"Mahidol University English Language Test: Computer-based Examination (MU-ELT: CBE) 
รอบ 2/2569  (วันที่ 8 เม.ย. 69)",249.0,0.0,207.0,0.0,75200.0,24310.0,50890.0,4.42,ไม่ระบุ
A ตารางคุมงบประมาณ 2569.xlsx,ทะเบียนคุมงบ MU-ELT,12,2569,ไม่ระบุ,ทะเบียนคุมงบ MU-ELT,ทะเบียนคุมงบ MU-ELT,โครงการเครือข่ายความร่วมมือศูนย์สอบ MU-ELT วิทยาลัยพยาบาลกองทัพบก,50.0,0.0,53.0,0.0,29150.0,9805.0,19345.0,0.0,ไม่ระบุ
A ตารางคุมงบประมาณ 2569.xlsx,ทะเบียนคุมงบ MU-ELT,13,2569,ไม่ระบุ,ทะเบียนคุมงบ MU-ELT,ทะเบียนคุมงบ MU-ELT,"Mahidol University English Language Test: Paper-based Examination (MU-ELT: PBE) 
รอบที่ 3/2569 (วันที่ 9 พ.ค. 69)",1200.0,0.0,724.0,0.0,343360.0,154766.38,188593.62,4.7,ไม่ระบุ
A ตารางคุมงบประมาณ 2569.xlsx,ทะเบียนคุมงบ MU-ELT,14,2569,ไม่ระบุ,ทะเบียนคุมงบ MU-ELT,ทะเบียนคุมงบ MU-ELT,ขออนุมัติหลักการจัดทำซองจดหมายใส่ใบรายงานผลสอบ MU-ELT,0.0,0.0,0.0,0.0,0.0,14900.0,-14900.0,0.0,ไม่ระบุ
A ตารางคุมงบประมาณ 2569.xlsx,ทะเบียนคุมงบ MU-ELT,15,2569,ไม่ระบุ,ทะเบียนคุมงบ MU-ELT,ทะเบียนคุมงบ MU-ELT,"Mahidol University English Language Test: Computer-based Examination (MU-ELT: CBE) 
รอบ 3/2569  (วันที่ 10 มิ.ย. 69)",330.0,0.0,229.0,0.0,87810.0,42125.5,45684.5,4.52,ไม่ระบุ
A ตารางคุมงบประมาณ 2569.xlsx,ทะเบียนคุมงบ MU-ELT,16,2569,ไม่ระบุ,ทะเบียนคุมงบ MU-ELT,ทะเบียนคุมงบ MU-ELT,"Mahidol University English Language Test: Paper-based Examination (MU-ELT: PBE) 
รอบที่ 4/2569 (วันที่ 18 ก.ค. 69)",1200.0,0.0,833.0,0.0,395210.0,177046.25,218163.75,0.0,ไม่ระบุ
A ตารางคุมงบประมาณ 2569.xlsx,ทะเบียนคุมงบ MU-ELT,17,2569,ไม่ระบุ,ทะเบียนคุมงบ MU-ELT,ทะเบียนคุมงบ MU-ELT,"Mahidol University English Language Test: Computer-based Examination (MU-ELT: CBE) 
รอบ 4/2569  (วันที่ 19 ส.ค. 69)",330.0,0.0,229.0,0.0,67630.0,22784.5,44845.5,0.0,ไม่ระบุ
A ตารางคุมงบประมาณ 2569.xlsx,ทะเบียนคุมงบ MU-ELT,18,2569,ไม่ระบุ,ทะเบียนคุมงบ MU-ELT,ทะเบียนคุมงบ MU-ELT,"Mahidol University English Language Test: Paper-based Examination (MU-ELT: PBE) 
รอบที่ 4/2569 (วันที่ 19 กันยายน 69)",700.0,0.0,700.0,0.0,330000.0,179944.8,150055.2,0.0,ไม่ระบุ
